,C_C_FSC,C_C_GC,C_C_IG,C_C_sm,C_R_FSC,C_R_GC,C_R_IG,C_R_sm,S_R_FSC,S_R_GC,S_R_IG,S_R_sm,R_R
Pvalue,1.6417501595790084e-176,4.457817322802752e-188,2.0572375039530054e-142,1.7457830110176962e-183,6.949512841339457e-09,1.549040428960086e-10,2.0527698457855438e-25,2.470000652177408e-15,2.703586614026259e-09,2.545485974757934e-08,3.914287429457619e-15,1.591088004325052e-10,
CohenD,large,large,large,large,small,small,small,small,small,negligible,small,small,
